ansatz,E,g,CI,dumb_x,dumb_E,dumb_g,dumb_CI,gnorm,dumb_gnorm
0,1,-2.0828664112612385,-2.8009588996544403,
1,1,-2.082866411261239,-2.8009588996544403,
2,1,-2.0828664112612385,-2.8009588996544403,
3,1,-2.082866411261236,-2.8009588996544403,
4,1,-2.0828664112612385,-2.8009588996544403,
5,1,-2.0828664112612385,-2.8009588996544403,
6,1,-2.0828664112612385,-2.8009588996544403,
7,1,-2.0828664112612363,-2.8009588996544403,
8,1,-2.082866411261238,-2.8009588996544403,
9,1,-2.0828664112612305,-2.8009588996544403,
10,1,-2.0828664112612385,-2.8009588996544403,
11,1,-2.082866411261239,-2.8009588996544403,
12,1,-2.0828664112612367,-2.8009588996544403,
13,1,-2.0828664112612385,-2.8009588996544403,
14,1,-2.0828664112612385,-2.8009588996544403,
15,1,-2.0828664112612385,-2.8009588996544403,
16,1,-2.0828664112612434,-2.8009588996544403,
17,1,-2.082866411261246,-2.8009588996544403,
18,1,-2.082866411261239,-2.8009588996544403,
19,1,-2.0828664112612385,-2.8009588996544403,
20,1,-2.0828664112612385,-2.8009588996544403,
21,1,-2.0828664112612385,-2.8009588996544403,
22,1,-2.082866411261239,-2.8009588996544403,
23,1,-2.0828664112612385,-2.8009588996544403,
24,1,-2.082866411261244,-2.8009588996544403,
25,1,-2.0828664112612447,-2.8009588996544403,
26,1,-2.0828664112612385,-2.8009588996544403,
27,1,-2.0828664112612385,-2.8009588996544403,
28,1,-2.0828664112612385,-2.8009588996544403,
29,1,-2.0828664112612385,-2.8009588996544403,
30,1,-2.0828664112612385,-2.8009588996544403,
31,1,-2.0828664112612385,-2.8009588996544403,
32,1,-2.0828664112612394,-2.8009588996544403,
33,1,-2.0828664112612385,-2.8009588996544403,
34,1,-2.082866411261244,-2.8009588996544403,
35,1,-2.0828664112612487,-2.8009588996544403,
36,1,-2.0828664112612447,-2.8009588996544403,
37,1,-2.0828664112612385,-2.8009588996544403,
38,1,-2.0828664112612385,-2.8009588996544403,
39,1,-2.0828664112612385,-2.8009588996544403,
40,1,-2.0828664112612323,-2.8009588996544403,
41,1,-2.0828664112612385,-2.8009588996544403,
42,1,-2.0828664112612394,-2.8009588996544403,
43,1,-2.0828664112612385,-2.8009588996544403,
44,1,-2.0828664112612385,-2.8009588996544403,
45,1,-2.082866411261239,-2.8009588996544403,
46,1,-2.0828664112612385,-2.8009588996544403,
47,1,-2.0828664112612385,-2.8009588996544403,
48,1,-2.0828664112612385,-2.8009588996544403,
49,1,-2.0828664112612385,-2.8009588996544403,
50,1,-2.0828664112612403,-2.8009588996544403,
51,1,-2.0828664112612385,-2.8009588996544403,
52,1,-2.0828664112612385,-2.8009588996544403,
53,1,-2.0828664112612385,-2.8009588996544403,
54,1,-2.082866411261248,-2.8009588996544403,
55,1,-2.082866411261239,-2.8009588996544403,
56,1,-2.0828664112612385,-2.8009588996544403,
57,1,-2.0828664112612416,-2.8009588996544403,
58,1,-2.082866411261243,-2.8009588996544403,
59,1,-2.0828664112612385,-2.8009588996544403,
60,1,-2.082866411261239,-2.8009588996544403,
61,1,-2.082866411261239,-2.8009588996544403,
62,1,-2.0828664112612385,-2.8009588996544403,
63,1,-2.0828664112612385,-2.8009588996544403,
64,1,-2.0828664112612385,-2.8009588996544403,
65,1,-2.082866411261239,-2.8009588996544403,
66,1,-2.0828664112612385,-2.8009588996544403,
67,1,-2.0828664112612385,-2.8009588996544403,
68,1,-2.0828664112612385,-2.8009588996544403,
69,1,-2.082866411261236,-2.8009588996544403,
70,1,-2.082866411261247,-2.8009588996544403,
71,1,-2.0828664112612385,-2.8009588996544403,
72,1,-2.0828664112612425,-2.8009588996544403,
73,1,-2.0828664112612385,-2.8009588996544403,
74,1,-2.0828664112612385,-2.8009588996544403,
75,1,-2.0828664112612363,-2.8009588996544403,
76,1,-2.082866411261239,-2.8009588996544403,
77,1,-2.0828664112612385,-2.8009588996544403,
78,1,-2.082866411261236,-2.8009588996544403,
79,1,-2.0828664112612443,-2.8009588996544403,
80,1,-2.082866411261247,-2.8009588996544403,
81,1,-2.0828664112612385,-2.8009588996544403,
82,1,-2.082866411261239,-2.8009588996544403,
83,1,-2.0828664112612385,-2.8009588996544403,
84,1,-2.0828664112612434,-2.8009588996544403,
85,1,-2.0828664112612385,-2.8009588996544403,
86,1,-2.0828664112612425,-2.8009588996544403,
87,1,-2.0828664112612385,-2.8009588996544403,
88,1,-2.082866411261239,-2.8009588996544403,
89,1,-2.0828664112612385,-2.8009588996544403,
90,1,-2.0828664112612385,-2.8009588996544403,
91,1,-2.0828664112612385,-2.8009588996544403,
92,1,-2.0828664112612385,-2.8009588996544403,
93,1,-2.0828664112612385,-2.8009588996544403,
94,1,-2.082866411261238,-2.8009588996544403,
95,1,-2.0828664112612385,-2.8009588996544403,
96,1,-2.0828664112612385,-2.8009588996544403,
97,1,-2.0828664112612385,-2.8009588996544403,
98,1,-2.0828664112612416,-2.8009588996544403,
99,1,-2.0828664112612385,-2.8009588996544403,
100,1,-2.0828664112612376,-2.8009588996544403,
101,1,-2.082866411261241,-2.8009588996544403,
102,1,-2.0828664112612385,-2.8009588996544403,
103,1,-2.0828664112612385,-2.8009588996544403,
104,1,-2.0828664112612385,-2.8009588996544403,
105,1,-2.0828664112612385,-2.8009588996544403,
106,1,-2.082866411261247,-2.8009588996544403,
107,1,-2.082866411261239,-2.8009588996544403,
108,1,-2.0828664112612385,-2.8009588996544403,
109,1,-2.0828664112612385,-2.8009588996544403,
110,1,-2.082866411261247,-2.8009588996544403,
111,1,-2.0828664112612385,-2.8009588996544403,
112,1,-2.0828664112612323,-2.8009588996544403,
113,1,-2.0828664112612385,-2.8009588996544403,
114,1,-2.0828664112612385,-2.8009588996544403,
115,1,-2.0828664112612385,-2.8009588996544403,
116,1,-2.0828664112612385,-2.8009588996544403,
117,1,-2.0828664112612376,-2.8009588996544403,
118,1,-2.082866411261239,-2.8009588996544403,
119,1,-2.0828664112612385,-2.8009588996544403,
120,1,-2.0828664112612403,-2.8009588996544403,
121,1,-2.0828664112612385,-2.8009588996544403,
122,1,-2.0828664112612385,-2.8009588996544403,
123,1,-2.0828664112612385,-2.8009588996544403,
124,1,-2.0828664112612385,-2.8009588996544403,
0,2,-2.166068132526256,-2.8009588996544403,
1,2,-2.166068132526256,-2.8009588996544403,
2,2,-2.106244744065182,-2.8009588996544403,
3,2,-2.106244744065185,-2.8009588996544403,
4,2,-2.166068132526256,-2.8009588996544403,
5,2,-2.166068132526256,-2.8009588996544403,
6,2,-2.1062447440651773,-2.8009588996544403,
7,2,-2.1524741808369834,-2.8009588996544403,
8,2,-2.1062447440651844,-2.8009588996544403,
9,2,-2.1660681325262554,-2.8009588996544403,
10,2,-2.166068132526255,-2.8009588996544403,
11,2,-2.166068132526256,-2.8009588996544403,
12,2,-2.166068132526291,-2.8009588996544403,
13,2,-2.166068132526256,-2.8009588996544403,
14,2,-2.1660681325262554,-2.8009588996544403,
15,2,-2.166068132526255,-2.8009588996544403,
16,2,-2.166068132526256,-2.8009588996544403,
17,2,-2.1062447440651826,-2.8009588996544403,
18,2,-2.1062447440651844,-2.8009588996544403,
19,2,-2.1660681325262563,-2.8009588996544403,
20,2,-2.1660681325262567,-2.8009588996544403,
21,2,-2.166068132526255,-2.8009588996544403,
22,2,-2.1660681325262594,-2.8009588996544403,
23,2,-2.166068132526256,-2.8009588996544403,
24,2,-2.166068132526256,-2.8009588996544403,
25,2,-2.106244744065199,-2.8009588996544403,
26,2,-2.1660681325262545,-2.8009588996544403,
27,2,-2.166068132526255,-2.8009588996544403,
28,2,-2.1660681325262567,-2.8009588996544403,
29,2,-2.166068132526256,-2.8009588996544403,
30,2,-2.1660681325262554,-2.8009588996544403,
31,2,-2.166068132526256,-2.8009588996544403,
32,2,-2.166068132526256,-2.8009588996544403,
33,2,-2.166068132526255,-2.8009588996544403,
34,2,-2.166068132526256,-2.8009588996544403,
35,2,-2.166068132526256,-2.8009588996544403,
36,2,-2.166068132526256,-2.8009588996544403,
37,2,-2.1062447440651724,-2.8009588996544403,
38,2,-2.166068132526255,-2.8009588996544403,
39,2,-2.1660681325262554,-2.8009588996544403,
40,2,-2.166068132526256,-2.8009588996544403,
41,2,-2.106244744065184,-2.8009588996544403,
42,2,-2.166068132526256,-2.8009588996544403,
43,2,-2.166068132526255,-2.8009588996544403,
44,2,-2.166068132526256,-2.8009588996544403,
45,2,-2.1660681325262554,-2.8009588996544403,
46,2,-2.1062447440651804,-2.8009588996544403,
47,2,-2.166068132526256,-2.8009588996544403,
48,2,-2.166068132526255,-2.8009588996544403,
49,2,-2.166068132526255,-2.8009588996544403,
50,2,-2.166068132526256,-2.8009588996544403,
51,2,-2.166068132526256,-2.8009588996544403,
52,2,-2.1660681325262554,-2.8009588996544403,
53,2,-2.166068132526256,-2.8009588996544403,
54,2,-2.166068132526249,-2.8009588996544403,
55,2,-2.1062447440651817,-2.8009588996544403,
56,2,-2.166068132526267,-2.8009588996544403,
57,2,-2.166068132526255,-2.8009588996544403,
58,2,-2.166068132526256,-2.8009588996544403,
59,2,-2.166068132526253,-2.8009588996544403,
60,2,-2.1660681325262554,-2.8009588996544403,
61,2,-2.1660681325262554,-2.8009588996544403,
62,2,-2.1660681325262554,-2.8009588996544403,
63,2,-2.1062447440651795,-2.8009588996544403,
64,2,-2.1660681325262554,-2.8009588996544403,
65,2,-2.1660681325262554,-2.8009588996544403,
66,2,-2.1660681325262554,-2.8009588996544403,
67,2,-2.106244744065189,-2.8009588996544403,
68,2,-2.166068132526256,-2.8009588996544403,
69,2,-2.166068132526255,-2.8009588996544403,
70,2,-2.1660681325262554,-2.8009588996544403,
71,2,-2.166068132526255,-2.8009588996544403,
72,2,-2.1660681325262554,-2.8009588996544403,
73,2,-2.1660681325262554,-2.8009588996544403,
74,2,-2.106244744065192,-2.8009588996544403,
75,2,-2.1660681325262496,-2.8009588996544403,
76,2,-2.1660681325262594,-2.8009588996544403,
77,2,-2.1660681325262563,-2.8009588996544403,
78,2,-2.1660681325262554,-2.8009588996544403,
79,2,-2.1660681325262554,-2.8009588996544403,
80,2,-2.166068132526255,-2.8009588996544403,
81,2,-2.166068132526256,-2.8009588996544403,
82,2,-2.166068132526255,-2.8009588996544403,
83,2,-2.1660681325262554,-2.8009588996544403,
84,2,-2.166068132526255,-2.8009588996544403,
85,2,-2.1660681325262554,-2.8009588996544403,
86,2,-2.166068132526255,-2.8009588996544403,
87,2,-2.166068132526256,-2.8009588996544403,
88,2,-2.10624474406518,-2.8009588996544403,
89,2,-2.1660681325262554,-2.8009588996544403,
90,2,-2.1660681325262585,-2.8009588996544403,
91,2,-2.166068132526255,-2.8009588996544403,
92,2,-2.106244744065185,-2.8009588996544403,
93,2,-2.106244744065182,-2.8009588996544403,
94,2,-2.1062447440651804,-2.8009588996544403,
95,2,-2.1660681325262554,-2.8009588996544403,
96,2,-2.1660681325262554,-2.8009588996544403,
97,2,-2.166068132526256,-2.8009588996544403,
98,2,-2.166068132526256,-2.8009588996544403,
99,2,-2.166068132526269,-2.8009588996544403,
100,2,-2.166068132526255,-2.8009588996544403,
101,2,-2.055860647181397,-2.8009588996544403,
102,2,-2.166068132526255,-2.8009588996544403,
103,2,-2.1660681325262554,-2.8009588996544403,
104,2,-2.166068132526255,-2.8009588996544403,
105,2,-2.166068132526255,-2.8009588996544403,
106,2,-2.166068132526256,-2.8009588996544403,
107,2,-2.1660681325262554,-2.8009588996544403,
108,2,-2.166068132526255,-2.8009588996544403,
109,2,-2.166068132526256,-2.8009588996544403,
110,2,-2.166068132526253,-2.8009588996544403,
111,2,-2.1062447440651835,-2.8009588996544403,
112,2,-2.1062447440651795,-2.8009588996544403,
113,2,-2.1062447440651813,-2.8009588996544403,
114,2,-2.166068132526255,-2.8009588996544403,
115,2,-2.1660681325262554,-2.8009588996544403,
116,2,-2.106244744065187,-2.8009588996544403,
117,2,-2.166068132526255,-2.8009588996544403,
118,2,-2.166068132526256,-2.8009588996544403,
119,2,-2.166068132526256,-2.8009588996544403,
120,2,-2.1660681325262545,-2.8009588996544403,
121,2,-2.1660681325262554,-2.8009588996544403,
122,2,-2.1660681325262563,-2.8009588996544403,
123,2,-2.166068132526255,-2.8009588996544403,
124,2,-2.1062447440651773,-2.8009588996544403,
0,3,-2.1805355145086853,-2.8009588996544403,
1,3,-2.27906536716012,-2.8009588996544403,
2,3,-2.279065367160117,-2.8009588996544403,
3,3,-2.2790653671601184,-2.8009588996544403,
4,3,-2.1669777072261427,-2.8009588996544403,
5,3,-2.279065367160122,-2.8009588996544403,
6,3,-2.2790653671601175,-2.8009588996544403,
7,3,-2.2790653671601184,-2.8009588996544403,
8,3,-2.279065367160118,-2.8009588996544403,
9,3,-2.18053551450868,-2.8009588996544403,
10,3,-2.149925406759014,-2.8009588996544403,
11,3,-2.279065367160127,-2.8009588996544403,
12,3,-2.2790653671601184,-2.8009588996544403,
13,3,-2.2790653671601175,-2.8009588996544403,
14,3,-2.2790653671601175,-2.8009588996544403,
15,3,-2.279065367160122,-2.8009588996544403,
16,3,-2.1499254067590154,-2.8009588996544403,
17,3,-2.2790653671601184,-2.8009588996544403,
18,3,-2.180535514508688,-2.8009588996544403,
19,3,-2.2790653671601184,-2.8009588996544403,
20,3,-2.2790653671601184,-2.8009588996544403,
21,3,-2.279065367160121,-2.8009588996544403,
22,3,-2.1499254067590132,-2.8009588996544403,
23,3,-2.166977707226144,-2.8009588996544403,
24,3,-2.279065367160117,-2.8009588996544403,
25,3,-2.180535514508691,-2.8009588996544403,
26,3,-2.2790653671601193,-2.8009588996544403,
27,3,-2.2790653671601175,-2.8009588996544403,
28,3,-2.279065367160118,-2.8009588996544403,
29,3,-2.2790653671601158,-2.8009588996544403,
30,3,-2.27906536716012,-2.8009588996544403,
31,3,-2.2790653671601193,-2.8009588996544403,
32,3,-2.2790653671601193,-2.8009588996544403,
33,3,-2.2790653671601264,-2.8009588996544403,
34,3,-2.2790653671601175,-2.8009588996544403,
35,3,-2.27906536716012,-2.8009588996544403,
36,3,-2.2790653671601193,-2.8009588996544403,
37,3,-2.2790653671601184,-2.8009588996544403,
38,3,-2.27906536716012,-2.8009588996544403,
39,3,-2.2790653671601233,-2.8009588996544403,
40,3,-2.279065367160118,-2.8009588996544403,
41,3,-2.2790653671601175,-2.8009588996544403,
42,3,-2.2790653671601184,-2.8009588996544403,
43,3,-2.1805355145086875,-2.8009588996544403,
44,3,-2.2790653671601175,-2.8009588996544403,
45,3,-2.279065367160118,-2.8009588996544403,
46,3,-2.1499254067590137,-2.8009588996544403,
47,3,-2.279065367160118,-2.8009588996544403,
48,3,-2.279065367160114,-2.8009588996544403,
49,3,-2.2790653671601198,-2.8009588996544403,
50,3,-2.2790653671601278,-2.8009588996544403,
51,3,-2.2790653671601206,-2.8009588996544403,
52,3,-2.2790653671601193,-2.8009588996544403,
53,3,-2.1499254067590146,-2.8009588996544403,
54,3,-2.279065367160115,-2.8009588996544403,
55,3,-2.279065367160122,-2.8009588996544403,
56,3,-2.279065367160124,-2.8009588996544403,
57,3,-2.1499254067590146,-2.8009588996544403,
58,3,-2.166977707226144,-2.8009588996544403,
59,3,-2.2790653671601184,-2.8009588996544403,
60,3,-2.2790653671601175,-2.8009588996544403,
61,3,-2.2790653671601175,-2.8009588996544403,
62,3,-2.1499254067590146,-2.8009588996544403,
63,3,-2.279065367160112,-2.8009588996544403,
64,3,-2.2790653671601175,-2.8009588996544403,
65,3,-2.2790653671601264,-2.8009588996544403,
66,3,-2.2790653671601198,-2.8009588996544403,
67,3,-2.2790653671601175,-2.8009588996544403,
68,3,-2.149925406759014,-2.8009588996544403,
69,3,-2.1499254067590137,-2.8009588996544403,
70,3,-2.279065367160118,-2.8009588996544403,
71,3,-2.2790653671601264,-2.8009588996544403,
72,3,-2.27906536716012,-2.8009588996544403,
73,3,-2.2790653671601158,-2.8009588996544403,
74,3,-2.27906536716012,-2.8009588996544403,
75,3,-2.166977707226143,-2.8009588996544403,
76,3,-2.1499254067590146,-2.8009588996544403,
77,3,-2.279065367160127,-2.8009588996544403,
78,3,-2.279065367160119,-2.8009588996544403,
79,3,-2.1499254067590186,-2.8009588996544403,
80,3,-2.2790653671601184,-2.8009588996544403,
81,3,-2.180535514508687,-2.8009588996544403,
82,3,-2.2790653671601175,-2.8009588996544403,
83,3,-2.2790653671601193,-2.8009588996544403,
84,3,-2.279065367160118,-2.8009588996544403,
85,3,-2.279065367160119,-2.8009588996544403,
86,3,-2.2790653671601175,-2.8009588996544403,
87,3,-2.149925406759014,-2.8009588996544403,
88,3,-2.1499254067590137,-2.8009588996544403,
89,3,-2.2790653671601193,-2.8009588996544403,
90,3,-2.1669777072261467,-2.8009588996544403,
91,3,-2.2790653671601175,-2.8009588996544403,
92,3,-2.149925406759014,-2.8009588996544403,
93,3,-2.2790653671601153,-2.8009588996544403,
94,3,-2.166977707226143,-2.8009588996544403,
95,3,-2.2790653671601184,-2.8009588996544403,
96,3,-2.2790653671601184,-2.8009588996544403,
97,3,-2.1499254067590137,-2.8009588996544403,
98,3,-2.2790653671601184,-2.8009588996544403,
99,3,-2.2790653671601175,-2.8009588996544403,
100,3,-2.1669777072261454,-2.8009588996544403,
101,3,-2.2790653671601198,-2.8009588996544403,
102,3,-2.2790653671601184,-2.8009588996544403,
103,3,-2.149925406759014,-2.8009588996544403,
104,3,-2.2790653671601246,-2.8009588996544403,
105,3,-2.166977707226144,-2.8009588996544403,
106,3,-2.2790653671601193,-2.8009588996544403,
107,3,-2.1805355145086858,-2.8009588996544403,
108,3,-2.149925406759022,-2.8009588996544403,
109,3,-2.2790653671601184,-2.8009588996544403,
110,3,-2.1669777072261422,-2.8009588996544403,
111,3,-2.1669777072261445,-2.8009588996544403,
112,3,-2.2790653671601255,-2.8009588996544403,
113,3,-2.2790653671601184,-2.8009588996544403,
114,3,-2.2790653671601193,-2.8009588996544403,
115,3,-2.2790653671601175,-2.8009588996544403,
116,3,-2.279065367160118,-2.8009588996544403,
117,3,-2.279065367160118,-2.8009588996544403,
118,3,-2.196209162628457,-2.8009588996544403,
119,3,-2.279065367160137,-2.8009588996544403,
120,3,-2.166977707226146,-2.8009588996544403,
121,3,-2.2790653671601193,-2.8009588996544403,
122,3,-2.2790653671601193,-2.8009588996544403,
123,3,-2.149925406759015,-2.8009588996544403,
124,3,-2.2790653671601175,-2.8009588996544403,
0,4,-2.3890921128709093,-2.8009588996544403,
1,4,-2.2988063426373495,-2.8009588996544403,
2,4,-2.2758179012818984,-2.8009588996544403,
3,4,-2.298806342637352,-2.8009588996544403,
4,4,-2.298806342637351,-2.8009588996544403,
5,4,-2.2988063426373486,-2.8009588996544403,
6,4,-2.318328639366005,-2.8009588996544403,
7,4,-2.389092112870908,-2.8009588996544403,
8,4,-2.389092112870906,-2.8009588996544403,
9,4,-2.29880634263735,-2.8009588996544403,
10,4,-2.3183286393660048,-2.8009588996544403,
11,4,-2.318328639366006,-2.8009588996544403,
12,4,-2.3890921128709057,-2.8009588996544403,
13,4,-2.2988063426373504,-2.8009588996544403,
14,4,-2.2988063426373495,-2.8009588996544403,
15,4,-2.29880634263735,-2.8009588996544403,
16,4,-2.349606045853314,-2.8009588996544403,
17,4,-2.389092112870906,-2.8009588996544403,
18,4,-2.2988063426373504,-2.8009588996544403,
19,4,-2.3496060458533137,-2.8009588996544403,
20,4,-2.3183286393660048,-2.8009588996544403,
21,4,-2.298806342637347,-2.8009588996544403,
22,4,-2.389092112870907,-2.8009588996544403,
23,4,-2.298806342637349,-2.8009588996544403,
24,4,-2.2988063426373486,-2.8009588996544403,
25,4,-2.2988063426373473,-2.8009588996544403,
26,4,-2.2988063426373504,-2.8009588996544403,
27,4,-2.318328639366006,-2.8009588996544403,
28,4,-2.3890921128709057,-2.8009588996544403,
29,4,-2.298806342637351,-2.8009588996544403,
30,4,-2.389092112870906,-2.8009588996544403,
31,4,-2.3496060458533155,-2.8009588996544403,
32,4,-2.2988063426373495,-2.8009588996544403,
33,4,-2.3890921128709066,-2.8009588996544403,
34,4,-2.3183286393660065,-2.8009588996544403,
35,4,-2.318328639366005,-2.8009588996544403,
36,4,-2.389092112870906,-2.8009588996544403,
37,4,-2.389092112870905,-2.8009588996544403,
38,4,-2.2988063426373504,-2.8009588996544403,
39,4,-2.318328639366006,-2.8009588996544403,
40,4,-2.349606045853313,-2.8009588996544403,
41,4,-2.318328639366005,-2.8009588996544403,
42,4,-2.298806342637349,-2.8009588996544403,
43,4,-2.2988063426373495,-2.8009588996544403,
44,4,-2.298806342637349,-2.8009588996544403,
45,4,-2.2758179012819015,-2.8009588996544403,
46,4,-2.3496060458533146,-2.8009588996544403,
47,4,-2.298806342637348,-2.8009588996544403,
48,4,-2.3890921128709066,-2.8009588996544403,
49,4,-2.3183286393660048,-2.8009588996544403,
50,4,-2.29880634263735,-2.8009588996544403,
51,4,-2.298806342637351,-2.8009588996544403,
52,4,-2.298806342637349,-2.8009588996544403,
53,4,-2.2988063426373517,-2.8009588996544403,
54,4,-2.349606045853312,-2.8009588996544403,
55,4,-2.3496060458533132,-2.8009588996544403,
56,4,-2.3183286393660048,-2.8009588996544403,
57,4,-2.389092112870906,-2.8009588996544403,
58,4,-2.2758179012819,-2.8009588996544403,
59,4,-2.29880634263735,-2.8009588996544403,
60,4,-2.3183286393660048,-2.8009588996544403,
61,4,-2.29880634263735,-2.8009588996544403,
62,4,-2.389092112870932,-2.8009588996544403,
63,4,-2.2988063426373495,-2.8009588996544403,
64,4,-2.298806342637349,-2.8009588996544403,
65,4,-2.2988063426373473,-2.8009588996544403,
66,4,-2.298806342637351,-2.8009588996544403,
67,4,-2.349606045853315,-2.8009588996544403,
68,4,-2.3890921128709066,-2.8009588996544403,
69,4,-2.29880634263735,-2.8009588996544403,
70,4,-2.3183286393660048,-2.8009588996544403,
71,4,-2.3183286393660048,-2.8009588996544403,
72,4,-2.298806342637349,-2.8009588996544403,
73,4,-2.29880634263735,-2.8009588996544403,
74,4,-2.298806342637349,-2.8009588996544403,
75,4,-2.2758179012818998,-2.8009588996544403,
76,4,-2.275817901281901,-2.8009588996544403,
77,4,-2.2988063426373504,-2.8009588996544403,
78,4,-2.298806342637349,-2.8009588996544403,
79,4,-2.298806342637349,-2.8009588996544403,
80,4,-2.2758179012819,-2.8009588996544403,
81,4,-2.2988063426373486,-2.8009588996544403,
82,4,-2.298806342637352,-2.8009588996544403,
83,4,-2.2988063426373504,-2.8009588996544403,
84,4,-2.275817901281902,-2.8009588996544403,
85,4,-2.318328639366264,-2.8009588996544403,
86,4,-2.318328639366005,-2.8009588996544403,
87,4,-2.389092112870907,-2.8009588996544403,
88,4,-2.3890921128709057,-2.8009588996544403,
89,4,-2.2988063426373495,-2.8009588996544403,
90,4,-2.389092112870906,-2.8009588996544403,
91,4,-2.3183286393660043,-2.8009588996544403,
92,4,-2.29880634263735,-2.8009588996544403,
93,4,-2.29880634263735,-2.8009588996544403,
94,4,-2.29880634263735,-2.8009588996544403,
95,4,-2.2988063426373504,-2.8009588996544403,
96,4,-2.29880634263735,-2.8009588996544403,
97,4,-2.318328639366005,-2.8009588996544403,
98,4,-2.318328639366009,-2.8009588996544403,
99,4,-2.389092112870906,-2.8009588996544403,
100,4,-2.2988063426373473,-2.8009588996544403,
101,4,-2.2988063426373504,-2.8009588996544403,
102,4,-2.3183286393660034,-2.8009588996544403,
103,4,-2.2988063426373477,-2.8009588996544403,
104,4,-2.389092112870906,-2.8009588996544403,
105,4,-2.2988063426373504,-2.8009588996544403,
106,4,-2.389092112870907,-2.8009588996544403,
107,4,-2.3183286393660043,-2.8009588996544403,
108,4,-2.389092112870906,-2.8009588996544403,
109,4,-2.298806342637352,-2.8009588996544403,
110,4,-2.298806342637351,-2.8009588996544403,
111,4,-2.3890921128709057,-2.8009588996544403,
112,4,-2.2758179012819006,-2.8009588996544403,
113,4,-2.298806342637352,-2.8009588996544403,
114,4,-2.298806342637348,-2.8009588996544403,
115,4,-2.2988063426373486,-2.8009588996544403,
116,4,-2.2988063426373504,-2.8009588996544403,
117,4,-2.298806342637349,-2.8009588996544403,
118,4,-2.298806342637349,-2.8009588996544403,
119,4,-2.3183286393660056,-2.8009588996544403,
120,4,-2.29880634263735,-2.8009588996544403,
121,4,-2.2988063426373504,-2.8009588996544403,
122,4,-2.2988063426373513,-2.8009588996544403,
123,4,-2.2988063426373504,-2.8009588996544403,
124,4,-2.3183286393660065,-2.8009588996544403,
0,5,-2.5383454658288493,-2.8009588996544403,
1,5,-2.3361142893953235,-2.8009588996544403,
2,5,-2.4509651946505224,-2.8009588996544403,
3,5,-2.3361142893953253,-2.8009588996544403,
4,5,-2.4384932380105653,-2.8009588996544403,
5,5,-2.491436323759794,-2.8009588996544403,
6,5,-2.336114289395325,-2.8009588996544403,
7,5,-2.4384932380105653,-2.8009588996544403,
8,5,-2.3811755910688595,-2.8009588996544403,
9,5,-2.2147973744523384,-2.8009588996544403,
10,5,-2.450965194650523,-2.8009588996544403,
11,5,-2.3331707673250413,-2.8009588996544403,
12,5,-2.336114289395325,-2.8009588996544403,
13,5,-2.336114289395324,-2.8009588996544403,
14,5,-2.336114289395325,-2.8009588996544403,
15,5,-2.538345465828864,-2.8009588996544403,
16,5,-2.3811755910688595,-2.8009588996544403,
17,5,-2.450965194650525,-2.8009588996544403,
18,5,-2.5383454658288507,-2.8009588996544403,
19,5,-2.3361142893953266,-2.8009588996544403,
20,5,-2.450965194650521,-2.8009588996544403,
21,5,-2.2158602963889993,-2.8009588996544403,
22,5,-2.336114289395324,-2.8009588996544403,
23,5,-2.3361142893953253,-2.8009588996544403,
24,5,-2.336114289395325,-2.8009588996544403,
25,5,-2.5383454658288502,-2.8009588996544403,
26,5,-2.336114289395326,-2.8009588996544403,
27,5,-2.336114289395325,-2.8009588996544403,
28,5,-2.3361142893953257,-2.8009588996544403,
29,5,-2.3212919378026964,-2.8009588996544403,
30,5,-2.3361142893953253,-2.8009588996544403,
31,5,-2.3361142893953266,-2.8009588996544403,
32,5,-2.3361142893953244,-2.8009588996544403,
33,5,-2.336114289395325,-2.8009588996544403,
34,5,-2.4509651946505215,-2.8009588996544403,
35,5,-2.292779072867602,-2.8009588996544403,
36,5,-2.3361142893953266,-2.8009588996544403,
37,5,-2.377509898154605,-2.8009588996544403,
38,5,-2.538345465828849,-2.8009588996544403,
39,5,-2.336114289395324,-2.8009588996544403,
40,5,-2.3361142893953244,-2.8009588996544403,
41,5,-2.336114289395324,-2.8009588996544403,
42,5,-2.336114289395324,-2.8009588996544403,
43,5,-2.53834546582885,-2.8009588996544403,
44,5,-2.3361142893953253,-2.8009588996544403,
45,5,-2.3361142893953257,-2.8009588996544403,
46,5,-2.5383454658288516,-2.8009588996544403,
47,5,-2.214797374452336,-2.8009588996544403,
48,5,-2.336114289395325,-2.8009588996544403,
49,5,-2.4509651946505238,-2.8009588996544403,
50,5,-2.3361142893953257,-2.8009588996544403,
51,5,-2.214797374452337,-2.8009588996544403,
52,5,-2.336114289395325,-2.8009588996544403,
53,5,-2.5383454658288493,-2.8009588996544403,
54,5,-2.214797374452338,-2.8009588996544403,
55,5,-2.4384932380105653,-2.8009588996544403,
56,5,-2.3775098981546043,-2.8009588996544403,
57,5,-2.3361142893953244,-2.8009588996544403,
58,5,-2.3361142893953257,-2.8009588996544403,
59,5,-2.3361142893953244,-2.8009588996544403,
60,5,-2.336114289395326,-2.8009588996544403,
61,5,-2.336114289395325,-2.8009588996544403,
62,5,-2.3361142893953253,-2.8009588996544403,
63,5,-2.450965194650523,-2.8009588996544403,
64,5,-2.336114289395326,-2.8009588996544403,
65,5,-2.3361142893953244,-2.8009588996544403,
66,5,-2.3361142893953244,-2.8009588996544403,
67,5,-2.336114289395325,-2.8009588996544403,
68,5,-2.215860296388999,-2.8009588996544403,
69,5,-2.2147973744523406,-2.8009588996544403,
70,5,-2.2265313384262435,-2.8009588996544403,
71,5,-2.4384932380105653,-2.8009588996544403,
72,5,-2.491436323759791,-2.8009588996544403,
73,5,-2.4914363237597925,-2.8009588996544403,
74,5,-2.336114289395325,-2.8009588996544403,
75,5,-2.3361142893953244,-2.8009588996544403,
76,5,-2.336114289395324,-2.8009588996544403,
77,5,-2.3361142893953235,-2.8009588996544403,
78,5,-2.450965194650523,-2.8009588996544403,
79,5,-2.3361142893953244,-2.8009588996544403,
80,5,-2.336114289395325,-2.8009588996544403,
81,5,-2.3361142893953253,-2.8009588996544403,
82,5,-2.538345465828849,-2.8009588996544403,
83,5,-2.3361142893953257,-2.8009588996544403,
84,5,-2.3361142893953253,-2.8009588996544403,
85,5,-2.4509651946505224,-2.8009588996544403,
86,5,-2.3361142893953257,-2.8009588996544403,
87,5,-2.3361142893953253,-2.8009588996544403,
88,5,-2.4384932380105657,-2.8009588996544403,
89,5,-2.336114289395324,-2.8009588996544403,
90,5,-2.336114289395325,-2.8009588996544403,
91,5,-2.538345465828852,-2.8009588996544403,
92,5,-2.538345465828851,-2.8009588996544403,
93,5,-2.4023072297525205,-2.8009588996544403,
94,5,-2.215860296388999,-2.8009588996544403,
95,5,-2.5383454658288493,-2.8009588996544403,
96,5,-2.336114289395325,-2.8009588996544403,
97,5,-2.3811755910688603,-2.8009588996544403,
98,5,-2.3811755910688563,-2.8009588996544403,
99,5,-2.2122937741098645,-2.8009588996544403,
100,5,-2.538345465828849,-2.8009588996544403,
101,5,-2.438493238010567,-2.8009588996544403,
102,5,-2.4914363237597925,-2.8009588996544403,
103,5,-2.491436323759796,-2.8009588996544403,
104,5,-2.3212919378026977,-2.8009588996544403,
105,5,-2.336114289395325,-2.8009588996544403,
106,5,-2.3361142893953235,-2.8009588996544403,
107,5,-2.215860296388997,-2.8009588996544403,
108,5,-2.438493238010566,-2.8009588996544403,
109,5,-2.538345465828853,-2.8009588996544403,
110,5,-2.5383454658288502,-2.8009588996544403,
111,5,-2.4384932380105657,-2.8009588996544403,
112,5,-2.3361142893953266,-2.8009588996544403,
113,5,-2.5383454658288485,-2.8009588996544403,
114,5,-2.538345465828848,-2.8009588996544403,
115,5,-2.3361142893953244,-2.8009588996544403,
116,5,-2.336114289395325,-2.8009588996544403,
117,5,-2.377509898154602,-2.8009588996544403,
118,5,-2.2122937741098645,-2.8009588996544403,
119,5,-2.4509651946505246,-2.8009588996544403,
120,5,-2.214797374452337,-2.8009588996544403,
121,5,-2.3361142893953253,-2.8009588996544403,
122,5,-2.538345465828849,-2.8009588996544403,
123,5,-2.215860296389001,-2.8009588996544403,
124,5,-2.4384932380105666,-2.8009588996544403,
0,6,-2.6579449845170613,-2.8009588996544403,
1,6,-2.6206522949002062,-2.8009588996544403,
2,6,-2.490804226675302,-2.8009588996544403,
3,6,-2.3451944295137346,-2.8009588996544403,
4,6,-2.595986579151181,-2.8009588996544403,
5,6,-2.490804226675301,-2.8009588996544403,
6,6,-2.5416811355770927,-2.8009588996544403,
7,6,-2.575954471400908,-2.8009588996544403,
8,6,-2.490804226675301,-2.8009588996544403,
9,6,-2.490804226675302,-2.8009588996544403,
10,6,-2.6579449845170613,-2.8009588996544403,
11,6,-2.4908042266753,-2.8009588996544403,
12,6,-2.3017773291600774,-2.8009588996544403,
13,6,-2.3946538109395332,-2.8009588996544403,
14,6,-2.3898757154256396,-2.8009588996544403,
15,6,-2.490804226675303,-2.8009588996544403,
16,6,-2.490804226675303,-2.8009588996544403,
17,6,-2.4908042266753005,-2.8009588996544403,
18,6,-2.541681135577093,-2.8009588996544403,
19,6,-2.4980428040601375,-2.8009588996544403,
20,6,-2.4908042266753005,-2.8009588996544403,
21,6,-2.3451944295137355,-2.8009588996544403,
22,6,-2.490804226675302,-2.8009588996544403,
23,6,-2.345194429513737,-2.8009588996544403,
24,6,-2.490804226675299,-2.8009588996544403,
25,6,-2.4908042266753005,-2.8009588996544403,
26,6,-2.345194429513736,-2.8009588996544403,
27,6,-2.3898757154256423,-2.8009588996544403,
28,6,-2.3017773291600747,-2.8009588996544403,
29,6,-2.541681135577092,-2.8009588996544403,
30,6,-2.345194429513738,-2.8009588996544403,
31,6,-2.3898757154256436,-2.8009588996544403,
32,6,-2.6579449845170764,-2.8009588996544403,
33,6,-2.601419267887216,-2.8009588996544403,
34,6,-2.490804226675304,-2.8009588996544403,
35,6,-2.6579449845170613,-2.8009588996544403,
36,6,-2.4908042266752997,-2.8009588996544403,
37,6,-2.541681135577093,-2.8009588996544403,
38,6,-2.2915499080201864,-2.8009588996544403,
39,6,-2.490804226675302,-2.8009588996544403,
40,6,-2.3898757154256427,-2.8009588996544403,
41,6,-2.490804226675301,-2.8009588996544403,
42,6,-2.3017773291600747,-2.8009588996544403,
43,6,-2.490804226675302,-2.8009588996544403,
44,6,-2.394653810939534,-2.8009588996544403,
45,6,-2.4908042266753005,-2.8009588996544403,
46,6,-2.65794498451706,-2.8009588996544403,
47,6,-2.3451944295137364,-2.8009588996544403,
48,6,-2.4908042266752988,-2.8009588996544403,
49,6,-2.3898757154256405,-2.8009588996544403,
50,6,-2.3898757154256414,-2.8009588996544403,
51,6,-2.4908042266752974,-2.8009588996544403,
52,6,-2.575954471400913,-2.8009588996544403,
53,6,-2.268859525741031,-2.8009588996544403,
54,6,-2.490804226675301,-2.8009588996544403,
55,6,-2.6579449845170613,-2.8009588996544403,
56,6,-2.4908042266753023,-2.8009588996544403,
57,6,-2.490804226675302,-2.8009588996544403,
58,6,-2.657944984517062,-2.8009588996544403,
59,6,-2.512179835733575,-2.8009588996544403,
60,6,-2.5416811355770923,-2.8009588996544403,
61,6,-2.490804226675299,-2.8009588996544403,
62,6,-2.6579449845170595,-2.8009588996544403,
63,6,-2.3017773291600743,-2.8009588996544403,
64,6,-2.490804226675302,-2.8009588996544403,
65,6,-2.65794498451706,-2.8009588996544403,
66,6,-2.490804226675301,-2.8009588996544403,
67,6,-2.4908042266753014,-2.8009588996544403,
68,6,-2.4908042266753014,-2.8009588996544403,
69,6,-2.4908042266753,-2.8009588996544403,
70,6,-2.6579449845170644,-2.8009588996544403,
71,6,-2.4908042266753005,-2.8009588996544403,
72,6,-2.4908042266753014,-2.8009588996544403,
73,6,-2.4908042266753023,-2.8009588996544403,
74,6,-2.4908042266753023,-2.8009588996544403,
75,6,-2.490804226675301,-2.8009588996544403,
76,6,-2.4908042266753005,-2.8009588996544403,
77,6,-2.345194429513736,-2.8009588996544403,
78,6,-2.4908042266753023,-2.8009588996544403,
79,6,-2.5759544714009115,-2.8009588996544403,
80,6,-2.394653810939533,-2.8009588996544403,
81,6,-2.6579449845170617,-2.8009588996544403,
82,6,-2.6579449845170617,-2.8009588996544403,
83,6,-2.301777329160075,-2.8009588996544403,
84,6,-2.4908042266753,-2.8009588996544403,
85,6,-2.3017773291600765,-2.8009588996544403,
86,6,-2.575954471400913,-2.8009588996544403,
87,6,-2.490804226675301,-2.8009588996544403,
88,6,-2.5416811355770927,-2.8009588996544403,
89,6,-2.3898757154256423,-2.8009588996544403,
90,6,-2.4908042266753014,-2.8009588996544403,
91,6,-2.4908042266753005,-2.8009588996544403,
92,6,-2.6579449845170604,-2.8009588996544403,
93,6,-2.345194429513735,-2.8009588996544403,
94,6,-2.3451944295137377,-2.8009588996544403,
95,6,-2.345194429513739,-2.8009588996544403,
96,6,-2.4908042266753014,-2.8009588996544403,
97,6,-2.6579449845170604,-2.8009588996544403,
98,6,-2.4908042266753037,-2.8009588996544403,
99,6,-2.490804226675301,-2.8009588996544403,
100,6,-2.2915499080201824,-2.8009588996544403,
101,6,-2.6579449845170595,-2.8009588996544403,
102,6,-2.291549908020186,-2.8009588996544403,
103,6,-2.345194429513735,-2.8009588996544403,
104,6,-2.657944984517061,-2.8009588996544403,
105,6,-2.6579449845170586,-2.8009588996544403,
106,6,-2.5759544714009137,-2.8009588996544403,
107,6,-2.301777329160077,-2.8009588996544403,
108,6,-2.4908042266753014,-2.8009588996544403,
109,6,-2.4908042266753023,-2.8009588996544403,
110,6,-2.5759544714009097,-2.8009588996544403,
111,6,-2.389875715425641,-2.8009588996544403,
112,6,-2.3017773291600774,-2.8009588996544403,
113,6,-2.6579449845170613,-2.8009588996544403,
114,6,-2.389875715425643,-2.8009588996544403,
115,6,-2.541681135577093,-2.8009588996544403,
116,6,-2.657944984517061,-2.8009588996544403,
117,6,-2.4908042266753023,-2.8009588996544403,
118,6,-2.490804226675299,-2.8009588996544403,
119,6,-2.345194429513737,-2.8009588996544403,
120,6,-2.5416811355770936,-2.8009588996544403,
121,6,-2.490804226675301,-2.8009588996544403,
122,6,-2.5032221832912374,-2.8009588996544403,
123,6,-2.5759544714009093,-2.8009588996544403,
124,6,-2.4908042266753014,-2.8009588996544403,
0,7,-2.5326379617685535,-2.8009588996544403,
1,7,-2.529775693378451,-2.8009588996544403,
2,7,-2.6115019407557343,-2.8009588996544403,
3,7,-2.532637961768552,-2.8009588996544403,
4,7,-2.5760378401697945,-2.8009588996544403,
5,7,-2.5326379617685535,-2.8009588996544403,
6,7,-2.532637961768553,-2.8009588996544403,
7,7,-2.6594819759036477,-2.8009588996544403,
8,7,-2.416385598882323,-2.8009588996544403,
9,7,-2.441655818487561,-2.8009588996544403,
10,7,-2.4460658398308937,-2.8009588996544403,
11,7,-2.6753505145912513,-2.8009588996544403,
12,7,-2.5057849522577444,-2.8009588996544403,
13,7,-2.5297756933784514,-2.8009588996544403,
14,7,-2.6594819759036477,-2.8009588996544403,
15,7,-2.5957904498408246,-2.8009588996544403,
16,7,-2.3419095585094354,-2.8009588996544403,
17,7,-2.551171262868002,-2.8009588996544403,
18,7,-2.40820482548815,-2.8009588996544403,
19,7,-2.659481975903648,-2.8009588996544403,
20,7,-2.3459466269032454,-2.8009588996544403,
21,7,-2.3314133492725295,-2.8009588996544403,
22,7,-2.5326379617685557,-2.8009588996544403,
23,7,-2.5297756933784514,-2.8009588996544403,
24,7,-2.5297756933784483,-2.8009588996544403,
25,7,-2.6753505145912486,-2.8009588996544403,
26,7,-2.529775693378451,-2.8009588996544403,
27,7,-2.5326379617685557,-2.8009588996544403,
28,7,-2.3061322165704876,-2.8009588996544403,
29,7,-2.5326379617685535,-2.8009588996544403,
30,7,-2.505784952257755,-2.8009588996544403,
31,7,-2.5326379617685557,-2.8009588996544403,
32,7,-2.611501940755771,-2.8009588996544403,
33,7,-2.5760378401697945,-2.8009588996544403,
34,7,-2.5326379617685557,-2.8009588996544403,
35,7,-2.576037840169795,-2.8009588996544403,
36,7,-2.241282712056236,-2.8009588996544403,
37,7,-2.5563662694855553,-2.8009588996544403,
38,7,-2.40820482548815,-2.8009588996544403,
39,7,-2.5297756933784523,-2.8009588996544403,
40,7,-2.52977569337845,-2.8009588996544403,
41,7,-2.659481975903648,-2.8009588996544403,
42,7,-2.5326379617685535,-2.8009588996544403,
43,7,-2.5297756933784514,-2.8009588996544403,
44,7,-2.532637961768557,-2.8009588996544403,
45,7,-2.5297756933784514,-2.8009588996544403,
46,7,-2.5297756933784497,-2.8009588996544403,
47,7,-2.4416558184875647,-2.8009588996544403,
48,7,-2.5385977533485016,-2.8009588996544403,
49,7,-2.5760378401697945,-2.8009588996544403,
50,7,-2.659481975903649,-2.8009588996544403,
51,7,-2.532637961768553,-2.8009588996544403,
52,7,-2.6594819759036485,-2.8009588996544403,
53,7,-2.631172687064456,-2.8009588996544403,
54,7,-2.3999011949599613,-2.8009588996544403,
55,7,-2.532637961768554,-2.8009588996544403,
56,7,-2.620238526381691,-2.8009588996544403,
57,7,-2.65948197590365,-2.8009588996544403,
58,7,-2.5957904498408255,-2.8009588996544403,
59,7,-2.341909558509436,-2.8009588996544403,
60,7,-2.5297756933784528,-2.8009588996544403,
61,7,-2.6594819759036485,-2.8009588996544403,
62,7,-2.5326379617685566,-2.8009588996544403,
63,7,-2.408204825488149,-2.8009588996544403,
64,7,-2.5297756933784528,-2.8009588996544403,
65,7,-2.434177869952052,-2.8009588996544403,
66,7,-2.306132216570483,-2.8009588996544403,
67,7,-2.3999011949599605,-2.8009588996544403,
68,7,-2.4172922405012023,-2.8009588996544403,
69,7,-2.529775693378449,-2.8009588996544403,
70,7,-2.5760378401697923,-2.8009588996544403,
71,7,-2.529775693378451,-2.8009588996544403,
72,7,-2.5297756933784488,-2.8009588996544403,
73,7,-2.5326379617685513,-2.8009588996544403,
74,7,-2.446065839830894,-2.8009588996544403,
75,7,-2.52977569337845,-2.8009588996544403,
76,7,-2.4416558184875656,-2.8009588996544403,
77,7,-2.5760378401697936,-2.8009588996544403,
78,7,-2.5297756933784505,-2.8009588996544403,
79,7,-2.6753505145912473,-2.8009588996544403,
80,7,-2.5326379617685544,-2.8009588996544403,
81,7,-2.675350514591249,-2.8009588996544403,
82,7,-2.4416558184875665,-2.8009588996544403,
83,7,-2.502077882167579,-2.8009588996544403,
84,7,-2.5326379617685517,-2.8009588996544403,
85,7,-2.4562747302510664,-2.8009588996544403,
86,7,-2.659481975903649,-2.8009588996544403,
87,7,-2.611501940755731,-2.8009588996544403,
88,7,-2.532637961768553,-2.8009588996544403,
89,7,-2.5326379617685544,-2.8009588996544403,
90,7,-2.529775693378451,-2.8009588996544403,
91,7,-2.532637961768556,-2.8009588996544403,
92,7,-2.532637961768553,-2.8009588996544403,
93,7,-2.3419095585094363,-2.8009588996544403,
94,7,-2.5326379617685517,-2.8009588996544403,
95,7,-2.659481975903648,-2.8009588996544403,
96,7,-2.532637961768552,-2.8009588996544403,
97,7,-2.5297756933784497,-2.8009588996544403,
98,7,-2.529775693378452,-2.8009588996544403,
99,7,-2.5326379617685553,-2.8009588996544403,
100,7,-2.529775693378449,-2.8009588996544403,
101,7,-2.4172922405011983,-2.8009588996544403,
102,7,-2.4187903699100786,-2.8009588996544403,
103,7,-2.6594819759036485,-2.8009588996544403,
104,7,-2.532637961768554,-2.8009588996544403,
105,7,-2.675350514591249,-2.8009588996544403,
106,7,-2.43417786995205,-2.8009588996544403,
107,7,-2.5760378401697945,-2.8009588996544403,
108,7,-2.43417786995205,-2.8009588996544403,
109,7,-2.5760378401697923,-2.8009588996544403,
110,7,-2.5326379617685526,-2.8009588996544403,
111,7,-2.4416558184875616,-2.8009588996544403,
112,7,-2.333194464080703,-2.8009588996544403,
113,7,-2.5760378401697968,-2.8009588996544403,
114,7,-2.5326379617685526,-2.8009588996544403,
115,7,-2.5297756933784505,-2.8009588996544403,
116,7,-2.416385598882323,-2.8009588996544403,
117,7,-2.241282712056231,-2.8009588996544403,
118,7,-2.675350514591248,-2.8009588996544403,
119,7,-2.5326379617685535,-2.8009588996544403,
120,7,-2.5326379617685517,-2.8009588996544403,
121,7,-2.6753505145912486,-2.8009588996544403,
122,7,-2.399901194959962,-2.8009588996544403,
123,7,-2.659481975903647,-2.8009588996544403,
124,7,-2.3361777130941133,-2.8009588996544403,
0,8,-2.5976077921038243,-2.8009588996544403,
1,8,-2.5688400642809115,-2.8009588996544403,
2,8,-2.6161253335027133,-2.8009588996544403,
3,8,-2.567618567500726,-2.8009588996544403,
4,8,-2.4007176841525917,-2.8009588996544403,
5,8,-2.3779978789772938,-2.8009588996544403,
6,8,-2.4776667948890583,-2.8009588996544403,
7,8,-2.669160578662456,-2.8009588996544403,
8,8,-2.5967219158851447,-2.8009588996544403,
9,8,-2.5676185675007264,-2.8009588996544403,
10,8,-2.6954844015033013,-2.8009588996544403,
11,8,-2.6069034867853347,-2.8009588996544403,
12,8,-2.6978589037383554,-2.8009588996544403,
13,8,-2.5171499732229172,-2.8009588996544403,
14,8,-2.5265678326890098,-2.8009588996544403,
15,8,-2.549389276640089,-2.8009588996544403,
16,8,-2.5967219158851482,-2.8009588996544403,
17,8,-2.628145653371196,-2.8009588996544403,
18,8,-2.5487160072673425,-2.8009588996544403,
19,8,-2.3156743595580433,-2.8009588996544403,
20,8,-2.567618567500726,-2.8009588996544403,
21,8,-2.6345148821616187,-2.8009588996544403,
22,8,-2.695484401503302,-2.8009588996544403,
23,8,-2.433097321205381,-2.8009588996544403,
24,8,-2.4724560358135483,-2.8009588996544403,
25,8,-2.596721915885146,-2.8009588996544403,
26,8,-2.4757196184737778,-2.8009588996544403,
27,8,-2.616125333502713,-2.8009588996544403,
28,8,-2.5676185675007255,-2.8009588996544403,
29,8,-2.6161253335027146,-2.8009588996544403,
30,8,-2.616125333502713,-2.8009588996544403,
31,8,-2.6954844015033035,-2.8009588996544403,
32,8,-2.702864860239182,-2.8009588996544403,
33,8,-2.546383723245142,-2.8009588996544403,
34,8,-2.5676185675007286,-2.8009588996544403,
35,8,-2.5265678326890093,-2.8009588996544403,
36,8,-2.5967219158851447,-2.8009588996544403,
37,8,-2.6691605786624546,-2.8009588996544403,
38,8,-2.548555563929844,-2.8009588996544403,
39,8,-2.596721915885143,-2.8009588996544403,
40,8,-2.5967219158851473,-2.8009588996544403,
41,8,-2.697858903738354,-2.8009588996544403,
42,8,-2.7132067076972803,-2.8009588996544403,
43,8,-2.56971462041055,-2.8009588996544403,
44,8,-2.5688400642809093,-2.8009588996544403,
45,8,-2.597607792103825,-2.8009588996544403,
46,8,-2.5974699160778685,-2.8009588996544403,
47,8,-2.596721915885146,-2.8009588996544403,
48,8,-2.5178099239384575,-2.8009588996544403,
49,8,-2.596721915885145,-2.8009588996544403,
50,8,-2.567618567500725,-2.8009588996544403,
51,8,-2.7028648602391834,-2.8009588996544403,
52,8,-2.6329442084871317,-2.8009588996544403,
53,8,-2.5493892766400856,-2.8009588996544403,
54,8,-2.494863191560613,-2.8009588996544403,
55,8,-2.596911861857417,-2.8009588996544403,
56,8,-2.6954844015033053,-2.8009588996544403,
57,8,-2.350810764169328,-2.8009588996544403,
58,8,-2.602788359604782,-2.8009588996544403,
59,8,-2.5967219158851473,-2.8009588996544403,
60,8,-2.5391575270160684,-2.8009588996544403,
61,8,-2.5493892766400883,-2.8009588996544403,
62,8,-2.5676185675007255,-2.8009588996544403,
63,8,-2.632944208487131,-2.8009588996544403,
64,8,-2.472456035813549,-2.8009588996544403,
65,8,-2.596911861857414,-2.8009588996544403,
66,8,-2.5967219158851442,-2.8009588996544403,
67,8,-2.6753394379939675,-2.8009588996544403,
68,8,-2.531541739835858,-2.8009588996544403,
69,8,-2.5489486756544304,-2.8009588996544403,
70,8,-2.616125333502713,-2.8009588996544403,
71,8,-2.480138601976928,-2.8009588996544403,
72,8,-2.422887499648596,-2.8009588996544403,
73,8,-2.549389276640087,-2.8009588996544403,
74,8,-2.5265678326890137,-2.8009588996544403,
75,8,-2.6691605786624555,-2.8009588996544403,
76,8,-2.617715462565304,-2.8009588996544403,
77,8,-2.5676185675007264,-2.8009588996544403,
78,8,-2.5752961618063046,-2.8009588996544403,
79,8,-2.596721915885145,-2.8009588996544403,
80,8,-2.567618567500726,-2.8009588996544403,
81,8,-2.5546503518674575,-2.8009588996544403,
82,8,-2.675339437993967,-2.8009588996544403,
83,8,-2.675339437993969,-2.8009588996544403,
84,8,-2.52656783268901,-2.8009588996544403,
85,8,-2.5265678326890133,-2.8009588996544403,
86,8,-2.596721915885145,-2.8009588996544403,
87,8,-2.52656783268901,-2.8009588996544403,
88,8,-2.5463837232451416,-2.8009588996544403,
89,8,-2.597607792103825,-2.8009588996544403,
90,8,-2.695484401503303,-2.8009588996544403,
91,8,-2.567618567500724,-2.8009588996544403,
92,8,-2.5969118618574125,-2.8009588996544403,
93,8,-2.6978589037383545,-2.8009588996544403,
94,8,-2.557104682457237,-2.8009588996544403,
95,8,-2.5676185675007264,-2.8009588996544403,
96,8,-2.567618567500723,-2.8009588996544403,
97,8,-2.5967219158851442,-2.8009588996544403,
98,8,-2.5676185675007255,-2.8009588996544403,
99,8,-2.5676185675007273,-2.8009588996544403,
100,8,-2.616125333502711,-2.8009588996544403,
101,8,-2.6127195829037486,-2.8009588996544403,
102,8,-2.596721915885141,-2.8009588996544403,
103,8,-2.6978589037383545,-2.8009588996544403,
104,8,-2.567618567500724,-2.8009588996544403,
105,8,-2.5493892766400865,-2.8009588996544403,
106,8,-2.5676185675007246,-2.8009588996544403,
107,8,-2.4474598017684754,-2.8009588996544403,
108,8,-2.5967219158851456,-2.8009588996544403,
109,8,-2.567618567500721,-2.8009588996544403,
110,8,-2.4911070117080207,-2.8009588996544403,
111,8,-2.4801386019769254,-2.8009588996544403,
112,8,-2.6841251341418544,-2.8009588996544403,
113,8,-2.6177154625653016,-2.8009588996544403,
114,8,-2.6954844015033075,-2.8009588996544403,
115,8,-2.6978589037383545,-2.8009588996544403,
116,8,-2.5676185675007233,-2.8009588996544403,
117,8,-2.534032068134935,-2.8009588996544403,
118,8,-2.6161253335027106,-2.8009588996544403,
119,8,-2.5493892766400874,-2.8009588996544403,
120,8,-2.5676185675007246,-2.8009588996544403,
121,8,-2.433097321205381,-2.8009588996544403,
122,8,-2.4330973212053806,-2.8009588996544403,
123,8,-2.6140737897965813,-2.8009588996544403,
124,8,-2.475719618473777,-2.8009588996544403,
0,9,-2.4336928949612737,-2.8009588996544403,
1,9,-2.5918667618348468,-2.8009588996544403,
2,9,-2.5242660124781326,-2.8009588996544403,
3,9,-2.5242660124781304,-2.8009588996544403,
4,9,-2.4492827632601446,-2.8009588996544403,
5,9,-2.591866761834845,-2.8009588996544403,
6,9,-2.6202257591907774,-2.8009588996544403,
7,9,-2.5918667618348445,-2.8009588996544403,
8,9,-2.5918667618348477,-2.8009588996544403,
9,9,-2.5261048138588262,-2.8009588996544403,
10,9,-2.5670096179928086,-2.8009588996544403,
11,9,-2.594348921290192,-2.8009588996544403,
12,9,-2.5918667618348463,-2.8009588996544403,
13,9,-2.4483114562143644,-2.8009588996544403,
14,9,-2.664870006069154,-2.8009588996544403,
15,9,-2.6202257591907805,-2.8009588996544403,
16,9,-2.591866761834844,-2.8009588996544403,
17,9,-2.5373179097155623,-2.8009588996544403,
18,9,-2.664870006069153,-2.8009588996544403,
19,9,-2.6202257591907787,-2.8009588996544403,
20,9,-2.6358438607378045,-2.8009588996544403,
21,9,-2.7364846044377664,-2.8009588996544403,
22,9,-2.6648700060691555,-2.8009588996544403,
23,9,-2.387272080201035,-2.8009588996544403,
24,9,-2.7203326856453334,-2.8009588996544403,
25,9,-2.5485599844311153,-2.8009588996544403,
26,9,-2.736484604437766,-2.8009588996544403,
27,9,-2.524266012478134,-2.8009588996544403,
28,9,-2.7203326856453325,-2.8009588996544403,
29,9,-2.7364846044377664,-2.8009588996544403,
30,9,-2.7364846044377664,-2.8009588996544403,
31,9,-2.415726361016318,-2.8009588996544403,
32,9,-2.6202257591907676,-2.8009588996544403,
33,9,-2.5242660124781318,-2.8009588996544403,
34,9,-2.7203326856453343,-2.8009588996544403,
35,9,-2.737879527139649,-2.8009588996544403,
36,9,-2.6736042784120153,-2.8009588996544403,
37,9,-2.433692894961276,-2.8009588996544403,
38,9,-2.7203326856453347,-2.8009588996544403,
39,9,-2.6202257591907814,-2.8009588996544403,
40,9,-2.6202257591907765,-2.8009588996544403,
41,9,-2.5261048138588276,-2.8009588996544403,
42,9,-2.5075729332649517,-2.8009588996544403,
43,9,-2.591866761834847,-2.8009588996544403,
44,9,-2.7364846044377704,-2.8009588996544403,
45,9,-2.5336189178280875,-2.8009588996544403,
46,9,-2.6648700060691546,-2.8009588996544403,
47,9,-2.4574445195324173,-2.8009588996544403,
48,9,-2.5242660124781318,-2.8009588996544403,
49,9,-2.6648700060691555,-2.8009588996544403,
50,9,-2.597014583894258,-2.8009588996544403,
51,9,-2.720332685645334,-2.8009588996544403,
52,9,-2.6202257591907783,-2.8009588996544403,
53,9,-2.620225759190776,-2.8009588996544403,
54,9,-2.539826523604321,-2.8009588996544403,
55,9,-2.720332685645336,-2.8009588996544403,
56,9,-2.6202257591907756,-2.8009588996544403,
57,9,-2.5670096179928086,-2.8009588996544403,
58,9,-2.592870435923876,-2.8009588996544403,
59,9,-2.591866761834846,-2.8009588996544403,
60,9,-2.736484604437763,-2.8009588996544403,
61,9,-2.736484604437766,-2.8009588996544403,
62,9,-2.5918667618348463,-2.8009588996544403,
63,9,-2.6202257591907805,-2.8009588996544403,
64,9,-2.449282763260145,-2.8009588996544403,
65,9,-2.6650450730522715,-2.8009588996544403,
66,9,-2.5242660124781295,-2.8009588996544403,
67,9,-2.5670096179928077,-2.8009588996544403,
68,9,-2.6202257591907916,-2.8009588996544403,
69,9,-2.73648460443776,-2.8009588996544403,
70,9,-2.5970145838942558,-2.8009588996544403,
71,9,-2.620225759190777,-2.8009588996544403,
72,9,-2.5918667618348477,-2.8009588996544403,
73,9,-2.7203326856453325,-2.8009588996544403,
74,9,-2.591866761834845,-2.8009588996544403,
75,9,-2.7203326856453343,-2.8009588996544403,
76,9,-2.620225759190779,-2.8009588996544403,
77,9,-2.5564583208357274,-2.8009588996544403,
78,9,-2.5809742311756967,-2.8009588996544403,
79,9,-2.628645045705788,-2.8009588996544403,
80,9,-2.457444519532417,-2.8009588996544403,
81,9,-2.620225759190776,-2.8009588996544403,
82,9,-2.5422020578511777,-2.8009588996544403,
83,9,-2.7096540918720464,-2.8009588996544403,
84,9,-2.6202257591907756,-2.8009588996544403,
85,9,-2.6202257591907774,-2.8009588996544403,
86,9,-2.578234909785548,-2.8009588996544403,
87,9,-2.5050832794641127,-2.8009588996544403,
88,9,-2.6202257591907774,-2.8009588996544403,
89,9,-2.6648700060691506,-2.8009588996544403,
90,9,-2.664870006069169,-2.8009588996544403,
91,9,-2.62022575919078,-2.8009588996544403,
92,9,-2.665045073052271,-2.8009588996544403,
93,9,-2.620225759190778,-2.8009588996544403,
94,9,-2.6202257591907783,-2.8009588996544403,
95,9,-2.4492827632601433,-2.8009588996544403,
96,9,-2.4157263610163167,-2.8009588996544403,
97,9,-2.5918667618348468,-2.8009588996544403,
98,9,-2.567009617992809,-2.8009588996544403,
99,9,-2.7028300357528994,-2.8009588996544403,
100,9,-2.620225759190778,-2.8009588996544403,
101,9,-2.720332685645334,-2.8009588996544403,
102,9,-2.433692894961274,-2.8009588996544403,
103,9,-2.6202257591907796,-2.8009588996544403,
104,9,-2.5373179097155627,-2.8009588996544403,
105,9,-2.736484604437769,-2.8009588996544403,
106,9,-2.62864504570579,-2.8009588996544403,
107,9,-2.4492827632601433,-2.8009588996544403,
108,9,-2.620225759190781,-2.8009588996544403,
109,9,-2.5398265236043214,-2.8009588996544403,
110,9,-2.6202257591907787,-2.8009588996544403,
111,9,-2.737879527139648,-2.8009588996544403,
112,9,-2.603406668215881,-2.8009588996544403,
113,9,-2.449282763260144,-2.8009588996544403,
114,9,-2.665045073052271,-2.8009588996544403,
115,9,-2.736484604437763,-2.8009588996544403,
116,9,-2.7378795271396514,-2.8009588996544403,
117,9,-2.449282763260144,-2.8009588996544403,
118,9,-2.6202257591907796,-2.8009588996544403,
119,9,-2.5261048138588262,-2.8009588996544403,
120,9,-2.5336189178280875,-2.8009588996544403,
121,9,-2.578234909785543,-2.8009588996544403,
122,9,-2.625665374045212,-2.8009588996544403,
123,9,-2.720332685645335,-2.8009588996544403,
124,9,-2.594348921290192,-2.8009588996544403,
0,10,-2.5153925646991917,-2.8009588996544403,
1,10,-2.658465491068918,-2.8009588996544403,
2,10,-2.738096330700359,-2.8009588996544403,
3,10,-2.7266514241660893,-2.8009588996544403,
4,10,-2.4695849068774485,-2.8009588996544403,
5,10,-2.7052186643989735,-2.8009588996544403,
6,10,-2.705199804095839,-2.8009588996544403,
7,10,-2.7052186643989766,-2.8009588996544403,
8,10,-2.7530100481044264,-2.8009588996544403,
9,10,-2.659985495301441,-2.8009588996544403,
10,10,-2.7380963307003596,-2.8009588996544403,
11,10,-2.583455197007225,-2.8009588996544403,
12,10,-2.6830447066514327,-2.8009588996544403,
13,10,-2.7052186643989744,-2.8009588996544403,
14,10,-2.705218664398977,-2.8009588996544403,
15,10,-2.7172993491946738,-2.8009588996544403,
16,10,-2.651407546698769,-2.8009588996544403,
17,10,-2.566228935464399,-2.8009588996544403,
18,10,-2.6830447066514354,-2.8009588996544403,
19,10,-2.5859321716477384,-2.8009588996544403,
20,10,-2.65846549106892,-2.8009588996544403,
21,10,-2.771650809144856,-2.8009588996544403,
22,10,-2.7029287467999796,-2.8009588996544403,
23,10,-2.6975790552313486,-2.8009588996544403,
24,10,-2.7097800201608626,-2.8009588996544403,
25,10,-2.6213388821256958,-2.8009588996544403,
26,10,-2.6213388821256984,-2.8009588996544403,
27,10,-2.668810363952521,-2.8009588996544403,
28,10,-2.7634077245191353,-2.8009588996544403,
29,10,-2.7448614492108185,-2.8009588996544403,
30,10,-2.630868783901918,-2.8009588996544403,
31,10,-2.7541730861575777,-2.8009588996544403,
32,10,-2.7183214811520386,-2.8009588996544403,
33,10,-2.7513144226891146,-2.8009588996544403,
34,10,-2.651407546698773,-2.8009588996544403,
35,10,-2.7634077245191317,-2.8009588996544403,
36,10,-2.621338882125695,-2.8009588996544403,
37,10,-2.7052186643989753,-2.8009588996544403,
38,10,-2.7530100481044277,-2.8009588996544403,
39,10,-2.6792861404102912,-2.8009588996544403,
40,10,-2.759791300718052,-2.8009588996544403,
41,10,-2.7052186643989757,-2.8009588996544403,
42,10,-2.558213420919774,-2.8009588996544403,
43,10,-2.69875596459934,-2.8009588996544403,
44,10,-2.717839377285361,-2.8009588996544403,
45,10,-2.7323396865033875,-2.8009588996544403,
46,10,-2.744861449210815,-2.8009588996544403,
47,10,-2.7052186643989757,-2.8009588996544403,
48,10,-2.642100206465104,-2.8009588996544403,
49,10,-2.66170550843822,-2.8009588996544403,
50,10,-2.6922917480926922,-2.8009588996544403,
51,10,-2.7663685840615266,-2.8009588996544403,
52,10,-2.572351175466866,-2.8009588996544403,
53,10,-2.6077096374978215,-2.8009588996544403,
54,10,-2.597242412611117,-2.8009588996544403,
55,10,-2.6307449080358323,-2.8009588996544403,
56,10,-2.727974661388842,-2.8009588996544403,
57,10,-2.684195770734867,-2.8009588996544403,
58,10,-2.667958645739208,-2.8009588996544403,
59,10,-2.703381286457613,-2.8009588996544403,
60,10,-2.6514075466987714,-2.8009588996544403,
61,10,-2.6213388821256967,-2.8009588996544403,
62,10,-2.651407546698774,-2.8009588996544403,
63,10,-2.7052307959615005,-2.8009588996544403,
64,10,-2.673169277166274,-2.8009588996544403,
65,10,-2.6996878243081532,-2.8009588996544403,
66,10,-2.597372713893668,-2.8009588996544403,
67,10,-2.5985958441509123,-2.8009588996544403,
68,10,-2.7530100481044277,-2.8009588996544403,
69,10,-2.7448614492108185,-2.8009588996544403,
70,10,-2.5883878737604373,-2.8009588996544403,
71,10,-2.753010048104429,-2.8009588996544403,
72,10,-2.6770404289938208,-2.8009588996544403,
73,10,-2.6506484816774707,-2.8009588996544403,
74,10,-2.651407546698771,-2.8009588996544403,
75,10,-2.6308687839019163,-2.8009588996544403,
76,10,-2.6725912172884363,-2.8009588996544403,
77,10,-2.6364316049309005,-2.8009588996544403,
78,10,-2.67818568261405,-2.8009588996544403,
79,10,-2.7448614492108163,-2.8009588996544403,
80,10,-2.7381633778233354,-2.8009588996544403,
81,10,-2.7204311221651376,-2.8009588996544403,
82,10,-2.630868783901913,-2.8009588996544403,
83,10,-2.67704042899382,-2.8009588996544403,
84,10,-2.709780020160861,-2.8009588996544403,
85,10,-2.6352773962745615,-2.8009588996544403,
86,10,-2.475958435181473,-2.8009588996544403,
87,10,-2.6589599471851266,-2.8009588996544403,
88,10,-2.7597913007180552,-2.8009588996544403,
89,10,-2.7090696010134603,-2.8009588996544403,
90,10,-2.762659035016186,-2.8009588996544403,
91,10,-2.7392108188101707,-2.8009588996544403,
92,10,-2.5226429596343176,-2.8009588996544403,
93,10,-2.7379754520105504,-2.8009588996544403,
94,10,-2.65846549106892,-2.8009588996544403,
95,10,-2.6213388821256984,-2.8009588996544403,
96,10,-2.6471723217399528,-2.8009588996544403,
97,10,-2.709780020160864,-2.8009588996544403,
98,10,-2.706182998007812,-2.8009588996544403,
99,10,-2.7407972216550074,-2.8009588996544403,
100,10,-2.719551862708884,-2.8009588996544403,
101,10,-2.704877518028314,-2.8009588996544403,
102,10,-2.6589599471851226,-2.8009588996544403,
103,10,-2.7530100481044295,-2.8009588996544403,
104,10,-2.759791300718052,-2.8009588996544403,
105,10,-2.6584654910689176,-2.8009588996544403,
106,10,-2.6113566671370245,-2.8009588996544403,
107,10,-2.6996878243081546,-2.8009588996544403,
108,10,-2.664126006749933,-2.8009588996544403,
109,10,-2.7336421539526605,-2.8009588996544403,
110,10,-2.5650875366713635,-2.8009588996544403,
111,10,-2.5739804578046352,-2.8009588996544403,
112,10,-2.7448614492108145,-2.8009588996544403,
113,10,-2.658465491068917,-2.8009588996544403,
114,10,-2.699687824308153,-2.8009588996544403,
115,10,-2.6635654473736827,-2.8009588996544403,
116,10,-2.539987888298902,-2.8009588996544403,
117,10,-2.7448614492108137,-2.8009588996544403,
118,10,-2.707650153066413,-2.8009588996544403,
119,10,-2.7033812864576134,-2.8009588996544403,
120,10,-2.650648481677472,-2.8009588996544403,
121,10,-2.7614749592280434,-2.8009588996544403,
122,10,-2.6796129422426467,-2.8009588996544403,
123,10,-2.692345345682064,-2.8009588996544403,
124,10,-2.630548760997444,-2.8009588996544403,
0,11,-2.7516125723399676,-2.8009588996544403,
1,11,-2.7661552005301537,-2.8009588996544403,
2,11,-2.7406516383715167,-2.8009588996544403,
3,11,-2.7586103018784462,-2.8009588996544403,
4,11,-2.729532526722014,-2.8009588996544403,
5,11,-2.751422083231767,-2.8009588996544403,
6,11,-2.7801057456307547,-2.8009588996544403,
7,11,-2.7352480376478847,-2.8009588996544403,
8,11,-2.705339926457556,-2.8009588996544403,
9,11,-2.779939238826511,-2.8009588996544403,
10,11,-2.715625215415883,-2.8009588996544403,
11,11,-2.696164771040394,-2.8009588996544403,
12,11,-2.752165117292006,-2.8009588996544403,
13,11,-2.761999931268284,-2.8009588996544403,
14,11,-2.7392394448119153,-2.8009588996544403,
15,11,-2.776749598027477,-2.8009588996544403,
16,11,-2.6759281740352234,-2.8009588996544403,
17,11,-2.6220202539946076,-2.8009588996544403,
18,11,-2.7382063797503706,-2.8009588996544403,
19,11,-2.7353425625976358,-2.8009588996544403,
20,11,-2.766155200530153,-2.8009588996544403,
21,11,-2.758610301878448,-2.8009588996544403,
22,11,-2.6515232690713484,-2.8009588996544403,
23,11,-2.6523912450034075,-2.8009588996544403,
24,11,-2.648618528847842,-2.8009588996544403,
25,11,-2.7780011671098026,-2.8009588996544403,
26,11,-2.7726622494029334,-2.8009588996544403,
27,11,-2.7586103018784485,-2.8009588996544403,
28,11,-2.6351721081016275,-2.8009588996544403,
29,11,-2.7271657135831533,-2.8009588996544403,
30,11,-2.70181370452281,-2.8009588996544403,
31,11,-2.747502172331544,-2.8009588996544403,
32,11,-2.7586103018784502,-2.8009588996544403,
33,11,-2.711829602519267,-2.8009588996544403,
34,11,-2.666106869572571,-2.8009588996544403,
35,11,-2.6952758767347467,-2.8009588996544403,
36,11,-2.7189159912177994,-2.8009588996544403,
37,11,-2.70533992645756,-2.8009588996544403,
38,11,-2.702004014445557,-2.8009588996544403,
39,11,-2.690526580433179,-2.8009588996544403,
40,11,-2.7586103018784445,-2.8009588996544403,
41,11,-2.6523274127230807,-2.8009588996544403,
42,11,-2.557502616707257,-2.8009588996544403,
43,11,-2.7189159912178025,-2.8009588996544403,
44,11,-2.71331716449239,-2.8009588996544403,
45,11,-2.6661068695725723,-2.8009588996544403,
46,11,-2.7082631058603797,-2.8009588996544403,
47,11,-2.701813704522807,-2.8009588996544403,
48,11,-2.751422083231764,-2.8009588996544403,
49,11,-2.5768932691298376,-2.8009588996544403,
50,11,-2.747502172331533,-2.8009588996544403,
51,11,-2.683449693643299,-2.8009588996544403,
52,11,-2.6987861941127784,-2.8009588996544403,
53,11,-2.7454639007466346,-2.8009588996544403,
54,11,-2.702004014445564,-2.8009588996544403,
55,11,-2.7613600259922717,-2.8009588996544403,
56,11,-2.703052633595078,-2.8009588996544403,
57,11,-2.6881816180078917,-2.8009588996544403,
58,11,-2.6661068695725705,-2.8009588996544403,
59,11,-2.76615520053015,-2.8009588996544403,
60,11,-2.7329003924062194,-2.8009588996544403,
61,11,-2.6504530927728354,-2.8009588996544403,
62,11,-2.761504191031089,-2.8009588996544403,
63,11,-2.766519415862985,-2.8009588996544403,
64,11,-2.752165117292006,-2.8009588996544403,
65,11,-2.776663346986043,-2.8009588996544403,
66,11,-2.7586103018784467,-2.8009588996544403,
67,11,-2.5783446237257723,-2.8009588996544403,
68,11,-2.610260013263552,-2.8009588996544403,
69,11,-2.7018137045228046,-2.8009588996544403,
70,11,-2.666106869572573,-2.8009588996544403,
71,11,-2.747502172331542,-2.8009588996544403,
72,11,-2.7450511404098608,-2.8009588996544403,
73,11,-2.733268197794679,-2.8009588996544403,
74,11,-2.7810827481101676,-2.8009588996544403,
75,11,-2.7456265348862474,-2.8009588996544403,
76,11,-2.723696821239007,-2.8009588996544403,
77,11,-2.754648775897946,-2.8009588996544403,
78,11,-2.754372239151877,-2.8009588996544403,
79,11,-2.6592372547940033,-2.8009588996544403,
80,11,-2.68831606732594,-2.8009588996544403,
81,11,-2.7484647338324946,-2.8009588996544403,
82,11,-2.7514220832317635,-2.8009588996544403,
83,11,-2.7162093751694014,-2.8009588996544403,
84,11,-2.7456265348862434,-2.8009588996544403,
85,11,-2.7118296025192667,-2.8009588996544403,
86,11,-2.780105745630754,-2.8009588996544403,
87,11,-2.746502235630232,-2.8009588996544403,
88,11,-2.7665194158629847,-2.8009588996544403,
89,11,-2.7092031560962297,-2.8009588996544403,
90,11,-2.760817954584514,-2.8009588996544403,
91,11,-2.666106869572573,-2.8009588996544403,
92,11,-2.7475021723315383,-2.8009588996544403,
93,11,-2.709203156096227,-2.8009588996544403,
94,11,-2.6745727944071014,-2.8009588996544403,
95,11,-2.7661552005301546,-2.8009588996544403,
96,11,-2.7766633469860458,-2.8009588996544403,
97,11,-2.758610301878446,-2.8009588996544403,
98,11,-2.6599744827341434,-2.8009588996544403,
99,11,-2.715625215415883,-2.8009588996544403,
100,11,-2.70200401444556,-2.8009588996544403,
101,11,-2.7586103018784467,-2.8009588996544403,
102,11,-2.7392394448119144,-2.8009588996544403,
103,11,-2.7582487109383766,-2.8009588996544403,
104,11,-2.6952758767347555,-2.8009588996544403,
105,11,-2.7475021723315427,-2.8009588996544403,
106,11,-2.7475021723315396,-2.8009588996544403,
107,11,-2.6996468413930903,-2.8009588996544403,
108,11,-2.666106869572565,-2.8009588996544403,
109,11,-2.7780011671098035,-2.8009588996544403,
110,11,-2.748084334940606,-2.8009588996544403,
111,11,-2.739239444811914,-2.8009588996544403,
112,11,-2.6661068695725696,-2.8009588996544403,
113,11,-2.7582487109383726,-2.8009588996544403,
114,11,-2.7780011671098004,-2.8009588996544403,
115,11,-2.7226265057125794,-2.8009588996544403,
116,11,-2.729954225697961,-2.8009588996544403,
117,11,-2.6996468413930943,-2.8009588996544403,
118,11,-2.682136804260534,-2.8009588996544403,
119,11,-2.7125158486373553,-2.8009588996544403,
120,11,-2.6787361544366717,-2.8009588996544403,
121,11,-2.747502172331539,-2.8009588996544403,
122,11,-2.6823127081100147,-2.8009588996544403,
123,11,-2.7486461645960407,-2.8009588996544403,
124,11,-2.7665194158629864,-2.8009588996544403,
0,12,-2.767793535906238,-2.8009588996544403,
1,12,-2.750919674751468,-2.8009588996544403,
2,12,-2.7487523755819883,-2.8009588996544403,
3,12,-2.767970740858683,-2.8009588996544403,
4,12,-2.7725478673744197,-2.8009588996544403,
5,12,-2.7252031159725725,-2.8009588996544403,
6,12,-2.7612124435235077,-2.8009588996544403,
7,12,-2.7650992763198237,-2.8009588996544403,
8,12,-2.755938632535324,-2.8009588996544403,
9,12,-2.766752308848862,-2.8009588996544403,
10,12,-2.7564243790179956,-2.8009588996544403,
11,12,-2.7539915654324196,-2.8009588996544403,
12,12,-2.7556837980404056,-2.8009588996544403,
13,12,-2.7553616351423664,-2.8009588996544403,
14,12,-2.786970689809684,-2.8009588996544403,
15,12,-2.727707704210138,-2.8009588996544403,
16,12,-2.7368921863543347,-2.8009588996544403,
17,12,-2.6142387155422693,-2.8009588996544403,
18,12,-2.7906612507793156,-2.8009588996544403,
19,12,-2.7612553589604167,-2.8009588996544403,
20,12,-2.7530827220182434,-2.8009588996544403,
21,12,-2.7934655036526626,-2.8009588996544403,
22,12,-2.7423206971235268,-2.8009588996544403,
23,12,-2.7731196160662144,-2.8009588996544403,
24,12,-2.7509196747514695,-2.8009588996544403,
25,12,-2.7643118158361393,-2.8009588996544403,
26,12,-2.7767569382448944,-2.8009588996544403,
27,12,-2.750689154525335,-2.8009588996544403,
28,12,-2.773119616066209,-2.8009588996544403,
29,12,-2.729828008078837,-2.8009588996544403,
30,12,-2.7439060978699485,-2.8009588996544403,
31,12,-2.7471934743462665,-2.8009588996544403,
32,12,-2.7869706898096887,-2.8009588996544403,
33,12,-2.7731196160662073,-2.8009588996544403,
34,12,-2.776159375136022,-2.8009588996544403,
35,12,-2.7667730967847586,-2.8009588996544403,
36,12,-2.7610805166686525,-2.8009588996544403,
37,12,-2.729226133032711,-2.8009588996544403,
38,12,-2.757809959925917,-2.8009588996544403,
39,12,-2.7233272074598203,-2.8009588996544403,
40,12,-2.7869706898096847,-2.8009588996544403,
41,12,-2.7425943629869103,-2.8009588996544403,
42,12,-2.787935293752073,-2.8009588996544403,
43,12,-2.7844284520251223,-2.8009588996544403,
44,12,-2.7486405053936322,-2.8009588996544403,
45,12,-2.7616220735432226,-2.8009588996544403,
46,12,-2.752784825275427,-2.8009588996544403,
47,12,-2.768039357450381,-2.8009588996544403,
48,12,-2.7731196160662095,-2.8009588996544403,
49,12,-2.782956561077613,-2.8009588996544403,
50,12,-2.7672252783130533,-2.8009588996544403,
51,12,-2.771992096030862,-2.8009588996544403,
52,12,-2.7476651898368383,-2.8009588996544403,
53,12,-2.749278698470387,-2.8009588996544403,
54,12,-2.7503602319995153,-2.8009588996544403,
55,12,-2.7625610120078057,-2.8009588996544403,
56,12,-2.73869717708478,-2.8009588996544403,
57,12,-2.7525722529528744,-2.8009588996544403,
58,12,-2.7540424351492985,-2.8009588996544403,
59,12,-2.791476019350045,-2.8009588996544403,
60,12,-2.7208335061390048,-2.8009588996544403,
61,12,-2.7844284520251223,-2.8009588996544403,
62,12,-2.78059336315624,-2.8009588996544403,
63,12,-2.7725478673744206,-2.8009588996544403,
64,12,-2.7717309417139866,-2.8009588996544403,
65,12,-2.7261224104819655,-2.8009588996544403,
66,12,-2.7413349685265676,-2.8009588996544403,
67,12,-2.5495254505218052,-2.8009588996544403,
68,12,-2.7644364404466755,-2.8009588996544403,
69,12,-2.726122410481961,-2.8009588996544403,
70,12,-2.7527848252754286,-2.8009588996544403,
71,12,-2.761041802939577,-2.8009588996544403,
72,12,-2.7601746878485125,-2.8009588996544403,
73,12,-2.741674832543143,-2.8009588996544403,
74,12,-2.7712969474300353,-2.8009588996544403,
75,12,-2.784428452025124,-2.8009588996544403,
76,12,-2.7460249693830447,-2.8009588996544403,
77,12,-2.7808617086719916,-2.8009588996544403,
78,12,-2.783509613156615,-2.8009588996544403,
79,12,-2.752647920070835,-2.8009588996544403,
80,12,-2.7603127758273494,-2.8009588996544403,
81,12,-2.750360231999517,-2.8009588996544403,
82,12,-2.7685974945140615,-2.8009588996544403,
83,12,-2.768548519872844,-2.8009588996544403,
84,12,-2.757761060458745,-2.8009588996544403,
85,12,-2.7440765021178835,-2.8009588996544403,
86,12,-2.77311961606621,-2.8009588996544403,
87,12,-2.7943916980862427,-2.8009588996544403,
88,12,-2.7676615254916177,-2.8009588996544403,
89,12,-2.760312775827342,-2.8009588996544403,
90,12,-2.7423687574064197,-2.8009588996544403,
91,12,-2.791476019350036,-2.8009588996544403,
92,12,-2.7625610120078026,-2.8009588996544403,
93,12,-2.7685974945140552,-2.8009588996544403,
94,12,-2.7699755741290004,-2.8009588996544403,
95,12,-2.79167777460213,-2.8009588996544403,
96,12,-2.7712969474300078,-2.8009588996544403,
97,12,-2.7834645734672323,-2.8009588996544403,
98,12,-2.7254779438898584,-2.8009588996544403,
99,12,-2.7616220735432235,-2.8009588996544403,
100,12,-2.748496971033312,-2.8009588996544403,
101,12,-2.7236410559175432,-2.8009588996544403,
102,12,-2.7780097720595243,-2.8009588996544403,
103,12,-2.7020117351351343,-2.8009588996544403,
104,12,-2.7731196160662104,-2.8009588996544403,
105,12,-2.7581070382605826,-2.8009588996544403,
106,12,-2.748273894010137,-2.8009588996544403,
107,12,-2.6933720236088026,-2.8009588996544403,
108,12,-2.7914760193500374,-2.8009588996544403,
109,12,-2.7615182107852716,-2.8009588996544403,
110,12,-2.7882166984307095,-2.8009588996544403,
111,12,-2.7685974945140552,-2.8009588996544403,
112,12,-2.6494058291403073,-2.8009588996544403,
113,12,-2.752647920070836,-2.8009588996544403,
114,12,-2.76859749451405,-2.8009588996544403,
115,12,-2.7215886182226163,-2.8009588996544403,
116,12,-2.791476019350038,-2.8009588996544403,
117,12,-2.7603127758273485,-2.8009588996544403,
118,12,-2.73869717708478,-2.8009588996544403,
119,12,-2.7679707408586833,-2.8009588996544403,
120,12,-2.7834645734672327,-2.8009588996544403,
121,12,-2.7292261330327094,-2.8009588996544403,
122,12,-2.7277077042101343,-2.8009588996544403,
123,12,-2.7942645779571995,-2.8009588996544403,
124,12,-2.7114194040258477,-2.8009588996544403,
